ID,Condition,Better_Team,Total_Winnings,Chosen_Team,Final_Bet,Proportion
0,6,1,50,1,15,0.3
0,2,0,125,0,70,0.56
0,5,1,200,1,125,0.625
0,1,0,250,0,250,1.0
0,3,1,225,0,175,0.7777777777777778
0,4,1,175,1,100,0.5714285714285714
