ID,Condition,Better_Team,Total_Winnings,Chosen_Team,Final_Bet,Proportion
0,6,1,50,1,15,0.3
0,2,0,125,0,70,0.56
0,5,1,200,1,125,0.625
0,1,0,250,0,250,1.0
0,3,1,225,0,175,0.7777777777777778
0,4,1,175,1,100,0.5714285714285714
0,5,0,100,1,60,0.6
0,4,0,225,0,190,0.8444444444444444
0,3,0,175,0,125,0.7142857142857143
0,1,0,225,0,225,1.0
0,2,1,-25,1,7,-0.28
0,6,1,150,1,60,0.4
0,1,1,225,1,225,1.0
