ID,Condition,Better_Team,Total_Winnings,Chosen_Team,Final_Bet,Proportion
1,3,0,125,0,100,0.8
1,5,0,100,0,50,0.5
1,1,1,125,1,100,0.8
1,2,0,125,0,100,0.8
1,4,1,25,1,10,0.4
1,6,1,75,1,50,0.6666666666666666
2,4,0,225,0,100,0.4444444444444444
2,3,0,225,0,225,1.0
2,2,1,175,1,150,0.8571428571428571
2,1,0,300,0,150,0.5
2,5,1,75,0,50,0.6666666666666666
2,6,0,125,0,50,0.4
