ID,Condition,Better_Team,Total_Winnings,Chosen_Team,Final_Bet,Proportion
1,4,0,200,0,125,0.625
1,6,1,25,1,5,0.4
1,3,1,200,1,125,0.625
1,5,0,250,0,175,0.7
1,1,1,300,1,250,0.8333333333333334
1,2,0,275,0,200,0.7272727272727273
