ID,Condition,Better_Team,Total_Winnings,Chosen_Team,Final_Bet,Proportion
1,4,0,200,0,125,0.625
1,6,1,25,1,5,0.4
1,3,1,200,1,125,0.625
1,5,0,250,0,175,0.7
1,1,1,300,1,250,0.8333333333333334
1,2,0,275,0,200,0.7272727272727273
2,2,0,125,0,125,1.0
2,3,0,225,0,225,1.0
2,5,1,125,1,125,1.0
2,4,1,200,1,200,1.0
2,1,0,250,0,250,1.0
2,6,0,75,0,19,0.25333333333333335
